sample	total_reads	mito_reads	mito_fraction
cDC1_KO_1	23881269	123567	0.00517422
cDC1_KO_2	23808167	285166	0.0119777
cDC1_WT_1	22562160	117431	0.00520478
cDC1_WT_2	23392763	125589	0.00536871
cDC2_KO_1	22789684	508428	0.0223096
cDC2_KO_2	20206434	942657	0.0466513
cDC2_WT_1	16795019	332132	0.0197756
cDC2_WT_2	18677978	573176	0.0306873
